{"cameraMode":{"drawMode":0,"name":"Shaded","section":"Shading Mode"},"sceneLighting":true,"audioPlay":false,"sceneViewState":{"m_AlwaysRefresh":false,"showFog":true,"showSkybox":true,"showFlares":true,"showImageEffects":true,"showParticleSystems":true,"showVisualEffectGraphs":true,"m_FxEnabled":true},"in2DMode":false,"pivot":{"x":292.3646545410156,"y":4.828763008117676,"z":245.4710693359375},"rotation":{"x":0.2422514110803604,"y":-0.08800974488258362,"z":0.022147895768284799,"w":0.9660343527793884},"size":1.7939833402633668,"orthographic":false}