{"cameraMode":{"drawMode":0,"name":"Shaded","section":"Shading Mode"},"sceneLighting":true,"audioPlay":false,"sceneViewState":{"m_AlwaysRefresh":false,"showFog":true,"showSkybox":true,"showFlares":true,"showImageEffects":true,"showParticleSystems":true,"showVisualEffectGraphs":true,"m_FxEnabled":true},"in2DMode":false,"pivot":{"x":287.10430908203127,"y":4.215948581695557,"z":248.1324462890625},"rotation":{"x":-0.029404930770397188,"y":-0.0048142969608306889,"z":0.00014698573795612901,"w":-0.9995787143707275},"size":1.7656527757644654,"orthographic":false}